<?xml version="1.0" encoding="UTF-8"?>
<!DOCTYPE mapper PUBLIC "-//mybatis.org//DTD Mapper 3.0//EN" "http://mybatis.org/dtd/mybatis-3-mapper.dtd">
<mapper namespace="book">
<!-- ORM, Mapper파일! -->
<!-- dto(Object) Relational(RDB, row) Mapping  ORM파일, mapper파일-->
	<insert id="create" parameterType="bookVO" >
		insert into bbs values (null,#{title},#{content},#{writer})
	</insert>
	<update id="update" parameterType="bookVO" >
		update bbs set title = #{title}, content = #{content} where id = #{id}
	</update>
	<delete id="delete" parameterType="bookVO" >
		delete from bbs where id = #{id}
	</delete>
	<select id="one" parameterType="bookVO" resultType="bookVO">
		select * from bbs where id = #{id}
	</select>
	<select id="list" resultType="bookVO">
		select * from bbs order by id desc
	</select>
</mapper>











