<?xml version="1.0" encoding="UTF-8"?>
<beans xmlns="http://www.springframework.org/schema/beans"
	xmlns:xsi="http://www.w3.org/2001/XMLSchema-instance"
	xmlns:context="http://www.springframework.org/schema/context"
	xsi:schemaLocation="http://www.springframework.org/schema/beans https://www.springframework.org/schema/beans/spring-beans.xsd
		http://www.springframework.org/schema/context http://www.springframework.org/schema/context/spring-context-4.3.xsd">
<context:property-placeholder location="classpath:db.properties" />	
	<!-- Root Context: defines shared resources visible to all other web components -->
	<!-- myBatis의 싱글톤 객체 생성 -->
<bean id="my" class="org.mybatis.spring.SqlSessionTemplate">
    <constructor-arg ref="config"></constructor-arg>
</bean>

<!-- myBatis의 설정 객체 생성 -->
<bean id="config" class="org.mybatis.spring.SqlSessionFactoryBean">
    <property name="dataSource" ref="dbcp"></property>
    <property name="configLocation" value="classpath:mybatis-config.xml"></property>
</bean>
<!-- classpath: src/main/resources아래를 말함. -->

<!-- dbcp의 싱글톤 객체 생성 -->
<!-- db프로그램의 2단계까지 담당. driver설정, db연결 -->
<!--  BasicDataSource dbcp = new BasicDataSource -->
<bean id="dbcp" class="org.apache.commons.dbcp.BasicDataSource">
    <property name="driverClassName" value="${jdbc.driver}"></property>
    <property name="url" value="${jdbc.url}"></property>
    <property name="username" value="${jdbc.username}"></property>
    <property name="password" value="${jdbc.password}"></property>
</bean>	
		
		
		
		
		
</beans>